liu_label,resolved_study,country,study_sample,age,endpoint,exposure_contrast,liu_original_or,liu_original_ci_low,liu_original_ci_high,liu_standardized_or_per_0_1,liu_standardized_ci_low,liu_standardized_ci_high,forest_weight_percent,reported_prevalence,p0_match_status,source,review_note
Song 2019,Song et al. 2019,South Korea,65128,adult mean 46.2,CES-D >=16 past week,district annual average NDVI Q3 vs Q1,0.927,0.851,1.010,0.960,0.916,1.005,8.89,overall 11.7%,missing,https://pmc.ncbi.nlm.nih.gov/articles/PMC6352234/,Low-NDVI quartile cases and denominator not reported in accessible article; overall prevalence is not p0.
Niu 2020,Di et al. 2020,China,27366,adult mean 54.7,PHQ-2 screen,1000 m NDVI IQR 0.064,0.92,0.86,0.99,0.878,0.786,0.980,6.44,not extracted,missing,https://pmc.ncbi.nlm.nih.gov/articles/PMC8454668/,Main analysis used continuous PHQ-2 score; the dichotomous OR was a sensitivity model and its low-exposure risk was not reported in accessible text.
Perry 2019 outcome 1,Hystad et al. 2019,Canada,8144,adults mean 55.0,PHQ-9 5-9,per 0.1 NDVI at 500 m,0.96,0.89,1.03,0.960,0.892,1.033,7.92,not extracted,missing,https://pmc.ncbi.nlm.nih.gov/articles/PMC7952103/,Liu calls this study Perry 2019; the article is Hystad et al. Low-NDVI p0 for this symptom threshold was not recovered.
Perry 2019 outcome 2,Hystad et al. 2019,Canada,8144,adults mean 55.0,PHQ-9 >=10,per 0.1 NDVI at 500 m,0.92,0.80,1.06,0.920,0.799,1.059,5.31,not extracted,missing,https://pmc.ncbi.nlm.nih.gov/articles/PMC7952103/,Low-NDVI p0 for this symptom threshold was not recovered.
Perry 2019 outcome 3,Hystad et al. 2019,Canada,8144,adults mean 55.0,self-reported doctor-diagnosed depression,per 0.1 NDVI at 500 m,0.85,0.76,0.95,0.850,0.760,0.950,6.38,9.6% in least-green 250 m quartile; 11.5% health-record diagnosis in least-green 500 m quartile,partial,https://pmc.ncbi.nlm.nih.gov/articles/PMC7952103/,The 9.6% value matches the self-reported outcome but not the 500 m buffer; 11.5% matches the buffer but not the outcome. Neither is a fully paired p0.
Brown 2018,Brown et al. 2018,United States,249405,Medicare age >=65,claims depression diagnosis,block-level annual average NDVI per 0.1,0.845,0.822,0.868,0.845,0.822,0.868,9.39,overall 9.25%; same-cohort later paper low tertile 12.44%,partial,https://pmc.ncbi.nlm.nih.gov/articles/PMC5876975/,Liu Table 1 misprints n=24905. Perrino et al. report 12.44% in the low tertile for the same cohort but a categorical exposure; it is not exactly paired to Brown's per-0.1 OR and its low tertile is below NDVI zero.
Abraham 2022 outcome 1,Abraham Cottagiri et al. 2022,Canada,26811,45-86,CES-D-10 >=10,500 m NDVI IQR 0.06,0.95,0.90,0.99,0.918,0.848,0.994,7.67,4205/26357 = 15.96% overall,missing,https://pubmed.ncbi.nlm.nih.gov/34951990/,Whole-sample prevalence is available but exposure-specific cases and denominator are not.
Abraham 2022 outcome 2,Abraham Cottagiri et al. 2022,Canada,26811,45-86,self-reported past clinical diagnosis of depression,500 m NDVI IQR 0.06,0.97,0.92,1.01,0.950,0.879,1.027,7.73,4376/26676 = 16.40% overall,missing,https://pubmed.ncbi.nlm.nih.gov/34951990/,Whole-sample prevalence is available but exposure-specific cases and denominator are not.
Sarkar 2018,Sarkar et al. 2018,United Kingdom,94879,37-73,lifetime probable major depressive disorder,500 m NDVI IQR 0.1,0.960,0.930,0.990,0.960,0.930,0.990,9.30,24348/94879 = 25.66% overall,missing,https://ora.ox.ac.uk/objects/uuid%3A8d2550bd-f558-4729-9b46-aba5a71a7184,Outcome is lifetime MDD and whole-sample prevalence is high; low-NDVI p0 was not reported.
Bezold 2018,Bezold et al. 2018,United States,9385,12-18,high depressive symptoms top 10% of age-specific screen,1250 m peak NDVI IQR 0.115,0.90,0.83,0.99,0.912,0.845,0.985,7.78,1038/9385 = 11.06% overall,missing,https://pmc.ncbi.nlm.nih.gov/articles/PMC5963277/,Case definition is designed around the upper 10 percent and is not MDD; low-NDVI p0 was not reported.
Tomita 2017,Tomita et al. 2017,South Africa,11156,age >=15,incident CES-D-10 >=10 among baseline-free cohort,residential annual average NDVI per 0.1,1.01,1.01,1.02,1.010,1.005,1.015,9.67,wave 2 15.9% and wave 3 20.8% incident symptoms,missing,https://pubmed.ncbi.nlm.nih.gov/28890948/,The original model emphasizes an NDVI by income interaction and no significant overall main effect; wave prevalences are not low-exposure p0 values.
Gonzales 2022 outcome 1,Gonzales-Inca et al. 2022,Finland,7971 in Liu; 14424 selected cohort,20-55,endpoint labelled BDI by Liu,cumulative NDVI within 100 m Q3 vs Q1,1.15,0.66,2.18,1.041,0.877,1.234,4.38,BDI about 4% overall; doctor diagnosis about 12% overall,missing,https://pubmed.ncbi.nlm.nih.gov/35134742/,Original paper distinguishes BDI from doctor-diagnosed depression; Liu's endpoint and extraction should be treated as unresolved until the exact model row is mapped.
Gonzales 2022 outcome 2,Gonzales-Inca et al. 2022,Finland,7971 in Liu; 14424 selected cohort,20-55,endpoint labelled BDI by Liu,cumulative total residential green space Q3 vs Q1,0.77,0.52,1.16,0.928,0.894,0.963,9.14,BDI about 4% overall; doctor diagnosis about 12% overall,not NDVI effect,https://pubmed.ncbi.nlm.nih.gov/35134742/,Liu Table 1 describes this as total residential green-space percentage rather than NDVI; including it in the NDVI forest requires clarification.
